pseudo,name,surname,mail,IPaddress,description,ban_end,ban_reason
quirfy29,John,Doe,john.doe@example.com,192.168.1.1,"Utilisateur actif sur le réseau social.",2024-12-15,"Violation of guidelines"
smithjane,Jane,Smith,jane.smith@example.com,192.168.1.2,"Explorateur de hashtags tendance.",,
mikej09,Mike,Johnson,mike.johnson@example.com,192.168.1.3,"Enjoying my time on this platform!",,
lindawil,Linda,Williams,linda.williams@example.com,192.168.1.4,"Découvrez de nouvelles fonctionnalités ici.",2025-03-22,"Violation of guidelines"
brown_55,Robert,Brown,robert.brown@example.com,192.168.1.5,"Always up for new challenges!",,
susie88,Susan,Jones,susan.jones@example.com,192.168.1.6,,,
furyjams,James,Garcia,james.garcia@example.com,192.168.1.7,"Enjoying my time on this platform!",,
maryd8,Mary,Davis,mary.davis@example.com,192.168.1.8,"Pas de sentiments ici.",2025-07-01,"Violation of guidelines"
m_mart,Mike,Martinez,michael.martinez@example.com,192.168.1.9,"Always up for new challenges!",,
pattie23,Patricia,Hernandez,patricia.hernandez@example.com,192.168.1.10,"Explorateur de hashtags tendance.",,
david34mo,David,Moore,david.moore@example.com,192.168.1.11,,,
barbwhite,Barbara,White,barbara.white@example.com,192.168.1.12,"Utilisateur actif sur le réseau social.",2024-12-30,"Violation of guidelines"
richeatay,Richard,Taylor,richard.taylor@example.com,192.168.1.13,"I'm a NoOb \0-0/",,
karenanna,Karen,Anderson,karen.anderson@example.com,192.168.1.14,"Découvrant de nouvelles fonctionnalités ici.",,
joseph56t,Joseph,Thomas,joseph.thomas@example.com,192.168.1.15,"Utilisateur actif sur le réseau social.",,
nancyj10,Nancy,Jackson,nancy.jackson@example.com,192.168.1.16,"Explorateur de hashtags tendance.",2025-01-10,"Violation of guidelines"
charlttc,Charles,Thompson,charles.thompson@example.com,192.168.1.17,"Always up for new challenges!",,
lisa_lh,Lisa,Harris,lisa.harris@example.com,192.168.1.18,"Enjoying my time on this platform!",,
cmartinez,Christopher,Martinez,christopher.martinez@example.com,192.168.1.19,"Découvrant de nouvelles fonctionnalités ici.",,
clarks,Clark,Sarah,sarah.clark@example.com,192.168.1.20,"Always up for new challenges!",2025-08-15,"Violation of guidelines"
danl33,Daniel,Lee,daniel.lee@example.com,192.168.1.21,"Enjoying my time on this platform!",,
walkerem,Emily,Walker,emily.walker@example.com,192.168.1.22,"Utilisateur actif sur le réseau social.",,
phall92,Paul,Hall,paul.hall@example.com,192.168.1.23,"Découvrant de nouvelles fonctionnalités ici.",,
angieall,Angela,Allen,angela.allen@example.com,192.168.1.24,,,
keviny25,Kevin,Young,kevin.young@example.com,192.168.1.25,"Explorateur de hashtags tendance.",2025-03-20,"Violation of guidelines"
dhernz,Dorothy,Hernandez,dorothy.hernandez@example.com,192.168.1.26,,,
markkings,Mark,King,mark.king@example.com,192.168.1.27,"Enjoying my time on this platform!",,
mwright45,Michelle,Wright,michelle.wright@example.com,192.168.1.28,"Always up for new challenges!",,
donaldlop,Donald,Lopez,donald.lopez@example.com,192.168.1.29,"Découvrant de nouvelles fonctionnalités ici.",,
dorohills,Dorothy,Hill,dorothy.hill@example.com,192.168.1.30,"Utilisateur actif sur le réseau social.",,
kennysco,Kenneth,Scott,kenneth.scott@example.com,192.168.1.31,,,
jgreen77,Jessica,Green,jessica.green@example.com,192.168.1.32,"Explorateur de hashtags tendance.",2024-12-25,"Violation of guidelines"
jadamsk,Jason,Adams,jason.adams@example.com,192.168.1.33,"Always up for new challenges!",,
shirlnelson,Shirley,Nelson,shirley.nelson@example.com,192.168.1.34,,,
brianb7,Brian,Baker,brian.baker@example.com,192.168.1.35,"Enjoying my time on this platform!",,
cynthia55,Cynthia,Carter,cynthia.carter@example.com,192.168.1.36,"Découvrant de nouvelles fonctionnalités ici.",,
georgem15,George,Mitchell,george.mitchell@example.com,192.168.1.37,"Utilisateur actif sur le réseau social.",2025-06-10,"Violation of guidelines"
laurarobs,Laura,Roberts,laura.roberts@example.com,192.168.1.38,"Always up for new challenges!",,
edp23,Edward,Phillips,edward.phillips@example.com,192.168.1.39,,,
rebcam99,Rebecca,Campbell,rebecca.campbell@example.com,192.168.1.40,"Explorateur de hashtags tendance.",,